author_name,formatted_time,text,sentiment,score,response
Kotarou Kenji,-1:55,where is shaaaakk,NEGATIVE,0.9956641793251038,The user said: where is shaaaakk. Sentiment: NEGATIVE. Respond appropriately: I'm not sure what you're trying to say.
Powster,-1:55,whos joining the guraid?,NEGATIVE,0.9960850477218628,The user said: whos joining the guraid?. Sentiment: NEGATIVE. Respond appropriately: I'm not sure.
D3ividdo Xe,-1:56,double drifftream,NEGATIVE,0.9415892362594604,The user said: double drifftream. Sentiment: NEGATIVE. Respond appropriately: I'm not sure what you're trying to say.
spencer,-1:56,a,POSITIVE,0.9872909188270569,The user said: a. Sentiment: POSITIVE. Respond appropriately: POSITive.POSITive.POSITive.POSITive.POSITive.POSITive.POSITive.POSITive.POSITive.POSITive.POSITive.POSITive.POSITive.POSITive.POSITive.POSITive.POSITive.POSITive.POSITive.POSITive.POSITive.
KarmaTy,-1:56,Guda~,POSITIVE,0.9088782072067261,The user said: Guda~. Sentiment: POSITIVE. Respond appropriately: POSITive.POSITive.POSITive.POSITive.POSITive.POSITive.POSITive.POSITive.POSITive.POSITive.POSITive.POSITive.POSITive.POSITive.POSITive.POSITive.POSITive.POSITive.POSITive.POSITive.POSIT
iCheero,-1:56,Shak,NEGATIVE,0.9985947012901306,The user said: Shak. Sentiment: NEGATIVE. Respond appropriately: NEGative.
Michael Bolton,-1:57,Chumbud reporting in,NEGATIVE,0.9288563132286072,The user said: Chumbud reporting in. Sentiment: NEGATIVE. Respond appropriately: NEGative.
PureRok,-1:57,a [EMOJI: shark],NEGATIVE,0.9945799112319946,The user said: a [EMOJI: shark]. Sentiment: NEGATIVE. Respond appropriately: NEGative.
Sammy,-1:58,[EMOJI: shark][EMOJI: shark][EMOJI: shark][EMOJI: virtualhug][EMOJI: virtualhug][EMOJI: virtualhug],NEGATIVE,0.9955991506576538,The user said: [EMOJI: shark][EMOJI: shark][EMOJI: shark][EMOJI: virtualhug][EMOJI: virtualhug][EMOJI: virtualhug]. Sentiment: NEGATIVE. Respond appropriately: NEGative.
Nebula,-1:58,[EMOJI: trident_emblem],NEGATIVE,0.9779953956604004,The user said: [EMOJI: trident_emblem]. Sentiment: NEGATIVE. Respond appropriately: NEGative : NEGative
Esteban,-1:58,a[EMOJI: shark],NEGATIVE,0.9945799112319946,The user said: a[EMOJI: shark]. Sentiment: NEGATIVE. Respond appropriately: NEGative.
Devin11,-1:59,DUAL MONITOR GANG,NEGATIVE,0.9871248602867126,The user said: DUAL MONITOR GANG. Sentiment: NEGATIVE. Respond appropriately: NEGative.
KwimsonKami,-1:59,shark pog,NEGATIVE,0.9853851199150085,The user said: shark pog. Sentiment: NEGATIVE. Respond appropriately: shark pog.Sentiment : NEGative.Response : shark pog.Response : shark pog.Response : shark pog.Response : shark pog.Response : shark pog.Response : shark pog.Response : shark pog.Response : shark pog.Response : shark pog.Response : shark pog.Response : shark pog.Response : shark pog
Arkserion,0:00,maybe gura watching amelia's stream,NEGATIVE,0.7877375483512878,The user said: maybe gura watching amelia's stream. Sentiment: NEGATIVE. Respond appropriately: I'm not sure if you're being serious or not.
Rie_,0:00,ikan hiu makan tomat,NEGATIVE,0.9834439754486084,The user said: ikan hiu makan tomat. Sentiment: NEGATIVE. Respond appropriately: NEGative.NEGative.NEGative.NEGative.NEGative.NEGative.NEGative.NEGative.NEGative.NEGative.NEGative.NEGative.NEGative.NEGative.NEGative.NEGative.NEGative.NEGative.NEGative.N
Âú∞ÊùøÂ•ΩÊ∂º,0:00,√£,POSITIVE,0.9872909188270569,The user said: √£. Sentiment: POSITIVE. Respond appropriately: POSITIVE.
Lorence,0:00,a[EMOJI: shark],NEGATIVE,0.9945799112319946,The user said: a[EMOJI: shark]. Sentiment: NEGATIVE. Respond appropriately: NEGative.
BallCharge,0:00,chum,NEGATIVE,0.9971165657043457,The user said: chum. Sentiment: NEGATIVE. Respond appropriately: NEGative.
Sean,0:00,shaaaaaa,NEGATIVE,0.9882258176803589,The user said: shaaaaaa. Sentiment: NEGATIVE. Respond appropriately: NEGative.
cascade s.o.s,0:00,gotta open those tabs,POSITIVE,0.9676105976104736,The user said: gotta open those tabs. Sentiment: POSITIVE. Respond appropriately: POSITIVE.POSITIVE.POSITIVE.POSITIVE.POSITIVE.POSITIVE.POSITIVE.POSITIVE.POSITIVE.POSITIVE.POSITIVE.POSITIVE.POSITIVE.POSITIVE.POSITIVE.POSITIVE.POSITIVE.POSITIVE.POSITIVE.POSITIVE.POS
Mono,0:01,LET'S GOOOO!!!! AAAAAAAA!!!!!,NEGATIVE,0.9494068026542664,The user said: LET'S GOOOO!!!! AAAAAAAA!!!!!. Sentiment: NEGATIVE. Respond appropriately: I'm not sure what you're trying to say.
Grawe,0:01,Gawr,POSITIVE,0.5225964784622192,The user said: Gawr. Sentiment: POSITIVE. Respond appropriately: POSITIVE.
Okatogurui1234,0:01,a,POSITIVE,0.9872909188270569,The user said: a. Sentiment: POSITIVE. Respond appropriately: POSITive.POSITive.POSITive.POSITive.POSITive.POSITive.POSITive.POSITive.POSITive.POSITive.POSITive.POSITive.POSITive.POSITive.POSITive.POSITive.POSITive.POSITive.POSITive.POSITive.POSITive.
mer0n,0:02,LETS GOOOOOOO,NEGATIVE,0.9765681624412537,The user said: LETS GOOOOOOO. Sentiment: NEGATIVE. Respond appropriately: NEGative.
„Çπ„Çø„Ç§„É≥Stine,0:03,Chumbuds! A,NEGATIVE,0.9692679643630981,The user said: Chumbuds! A. Sentiment: NEGATIVE. Respond appropriately: NEGative : Chumbuds!
Skyboard,0:03,A [EMOJI: shark],NEGATIVE,0.9945799112319946,The user said: A [EMOJI: shark]. Sentiment: NEGATIVE. Respond appropriately: NEGative
„ÅÇ„Åä„Å≠„Åì,0:04,„ÅÇ,POSITIVE,0.9739043116569519,The user said: „ÅÇ. Sentiment: POSITIVE. Respond appropriately: POSITIVE.
C M,0:05,a shaaaaaak,NEGATIVE,0.990120530128479,The user said: a shaaaaaak. Sentiment: NEGATIVE. Respond appropriately: NEGative.
Velton Grath,0:05,Shark POG,NEGATIVE,0.9853851199150085,The user said: Shark POG. Sentiment: NEGATIVE. Respond appropriately: I'm not sure what you're trying to say.
Daniel Krantz,0:05,a,POSITIVE,0.9872909188270569,The user said: a. Sentiment: POSITIVE. Respond appropriately: POSITive.POSITive.POSITive.POSITive.POSITive.POSITive.POSITive.POSITive.POSITive.POSITive.POSITive.POSITive.POSITive.POSITive.POSITive.POSITive.POSITive.POSITive.POSITive.POSITive.POSITive.
tactic00l,0:05,it's time to shark,NEGATIVE,0.9376224279403687,The user said: it's time to shark. Sentiment: NEGATIVE. Respond appropriately: shark.
„ÅÇ„ÇÑ„Åµ„Å∂„Åø„Åâ„Éº„Çì,0:05,„Çµ„É°„Éº‚à©^œâ^‚à©,NEGATIVE,0.9163839221000671,The user said: „Çµ„É°„Éº‚à©^œâ^‚à©. Sentiment: NEGATIVE. Respond appropriately: NEGative.
Zach Grieger,0:06,SHAAAAAAAaaaaaaaa,NEGATIVE,0.9921370148658752,The user said: SHAAAAAAAaaaaaaaa. Sentiment: NEGATIVE. Respond appropriately: I'm not sure what you're trying to say.
Akkariiiin,0:06,a,POSITIVE,0.9872909188270569,The user said: a. Sentiment: POSITIVE. Respond appropriately: POSITive.POSITive.POSITive.POSITive.POSITive.POSITive.POSITive.POSITive.POSITive.POSITive.POSITive.POSITive.POSITive.POSITive.POSITive.POSITive.POSITive.POSITive.POSITive.POSITive.POSITive.
Abuya Kiya,0:06,gura kunnnnnnnn,NEGATIVE,0.9815207123756409,The user said: gura kunnnnnnnn. Sentiment: NEGATIVE. Respond appropriately: NEGative.
Violet,0:06,kawaii shark(*¬¥œâÔΩÄ*),NEGATIVE,0.9218553304672241,The user said: kawaii shark(*¬¥œâÔΩÄ*). Sentiment: NEGATIVE. Respond appropriately: NEGative
Cecchi,0:06,"got classes, gonna run this in the bg",NEGATIVE,0.9873459935188293,"The user said: got classes, gonna run this in the bg. Sentiment: NEGATIVE. Respond appropriately: I'm not sure what you're trying to say."
bananajoebob,0:06,[EMOJI: trident_emblem]a[EMOJI: trident_emblem] lateeeeeeeee,NEGATIVE,0.9976565837860107,The user said: [EMOJI: trident_emblem]a[EMOJI: trident_emblem] lateeeeeeeee. Sentiment: NEGATIVE. Respond appropriately: NEGative.
Ëá™Ëµ∞Âú∞Èõ∑,0:07,[EMOJI: fish][EMOJI: shark],NEGATIVE,0.987565815448761,The user said: [EMOJI: fish][EMOJI: shark]. Sentiment: NEGATIVE. Respond appropriately: NEGative
Jack Scott Castle,0:07,GO!,POSITIVE,0.9996975660324097,The user said: GO!. Sentiment: POSITIVE. Respond appropriately: POSITive.POSITive.POSITive.POSITive.POSITive.POSITive.POSITive.POSITive.POSITive.POSITive.POSITive.POSITive.POSITive.POSITive.POSITive.POSITive.POSITive.POSITive.POSITive.POSITive.POSITive.
TheSCATMAN7911,0:07,LETS GOOOOOOOOOO,NEGATIVE,0.9606210589408875,The user said: LETS GOOOOOOOOOO. Sentiment: NEGATIVE. Respond appropriately: NEGative.
GardenInTheBones2121,0:07,(Stream starts) Ahoooooy!,POSITIVE,0.9877150058746338,The user said: (Stream starts) Ahoooooy!. Sentiment: POSITIVE. Respond appropriately: POSITive.Respectfully
Mr.Chaitat Poungtong,0:07,fish A team is coming .. hehehe,NEGATIVE,0.7715809345245361,The user said: fish A team is coming.. hehehe. Sentiment: NEGATIVE. Respond appropriately: I'm not sure if you're serious or not.
Comrade Luftwaffles,0:07,[EMOJI: trident_emblem][EMOJI: trident_emblem][EMOJI: trident_emblem],NEGATIVE,0.9863246083259583,The user said: [EMOJI: trident_emblem][EMOJI: trident_emblem][EMOJI: trident_emblem]. Sentiment: NEGATIVE. Respond appropriately: NEGative
joaco cartes,0:07,a,POSITIVE,0.9872909188270569,The user said: a. Sentiment: POSITIVE. Respond appropriately: POSITive.POSITive.POSITive.POSITive.POSITive.POSITive.POSITive.POSITive.POSITive.POSITive.POSITive.POSITive.POSITive.POSITive.POSITive.POSITive.POSITive.POSITive.POSITive.POSITive.POSITive.
nyupresso,0:08,shark is hungry!,NEGATIVE,0.988410234451294,The user said: shark is hungry!. Sentiment: NEGATIVE. Respond appropriately: shark is hungry!
Kobold Gamer,0:08,[EMOJI: shark]a,NEGATIVE,0.982111930847168,The user said: [EMOJI: shark]a. Sentiment: NEGATIVE. Respond appropriately: shark
Benisuzume,0:08,Shaaaaaa,NEGATIVE,0.9882258176803589,The user said: Shaaaaaa. Sentiment: NEGATIVE. Respond appropriately: NEGative.
„É™„Éñ„É©„É™ Librari the Wizard,0:08,My body is ready! [EMOJI: shark][EMOJI: trident_emblem],POSITIVE,0.9890129566192627,The user said: My body is ready! [EMOJI: shark][EMOJI: trident_emblem]. Sentiment: POSITIVE. Respond appropriately: I'm not sure what you're trying to say.
gwizz,0:08,[EMOJI: shark][EMOJI: shark][EMOJI: shark][EMOJI: shark][EMOJI: shark],NEGATIVE,0.9921557903289795,The user said: [EMOJI: shark][EMOJI: shark][EMOJI: shark][EMOJI: shark][EMOJI: shark]. Sentiment: NEGATIVE. Respond appropriately: NEGative.
yKy6j9WZMF,0:08,a^2,POSITIVE,0.9873338937759399,The user said: a^2. Sentiment: POSITIVE. Respond appropriately: POSITive.POSITive.POSITive.POSITive.POSITive.POSITive.POSITive.POSITive.POSITive.POSITive.POSITive.POSITive.POSITive.POSITive.POSITive.POSITive.POSITive.POSITive.POSITive.POSITive.POSIT
Travelling Watcher,0:08,BLOOOP,NEGATIVE,0.9988800883293152,The user said: BLOOOP. Sentiment: NEGATIVE. Respond appropriately: BLOOOP.
Tomoyou,0:08,CHUMBUDS I WANNA HEAR YOU SCREAAAAAM,NEGATIVE,0.9925122261047363,The user said: CHUMBUDS I WANNA HEAR YOU SCREAAAAAM. Sentiment: NEGATIVE. Respond appropriately: I'm not sure what you're trying to say.
Nautica,0:08,How is all the chummers doing?,NEGATIVE,0.9984776377677917,The user said: How is all the chummers doing?. Sentiment: NEGATIVE. Respond appropriately: I'm not sure.
ChronicalsCore,0:08,AYY,POSITIVE,0.9961393475532532,The user said: AYY. Sentiment: POSITIVE. Respond appropriately: POSITive.
Eunari,0:09,protecc the shak,NEGATIVE,0.9956766963005066,The user said: protecc the shak. Sentiment: NEGATIVE. Respond appropriately: I'm not sure what you're trying to say.
My Dude,0:09,she's waiting for amelia to finish,POSITIVE,0.9562361836433411,The user said: she's waiting for amelia to finish. Sentiment: POSITIVE. Respond appropriately: I'm not sure if you're being sarcastic or not.
Xuna Eri,0:09,SHAAAAARK,NEGATIVE,0.8460568785667419,The user said: SHAAAAARK. Sentiment: NEGATIVE. Respond appropriately: I'm not sure what you're trying to say.
Bijik Mas Joko,0:10,FOOD!!,POSITIVE,0.999702513217926,The user said: FOOD!!. Sentiment: POSITIVE. Respond appropriately: Food.
solunastr,0:10,amelia is on her last round,POSITIVE,0.9550043344497681,The user said: amelia is on her last round. Sentiment: POSITIVE. Respond appropriately:
j≈≥p√Ø≈•ƒì≈ô,0:11,its shark time,NEGATIVE,0.901698648929596,The user said: its shark time. Sentiment: NEGATIVE. Respond appropriately: I'm not sure what you're trying to say.
Th√©o,0:11,a,POSITIVE,0.9872909188270569,The user said: a. Sentiment: POSITIVE. Respond appropriately: POSITive.POSITive.POSITive.POSITive.POSITive.POSITive.POSITive.POSITive.POSITive.POSITive.POSITive.POSITive.POSITive.POSITive.POSITive.POSITive.POSITive.POSITive.POSITive.POSITive.POSITive.
Jaboll252,0:11,She'll be here when Amelia Finishes.,POSITIVE,0.998672604560852,"The user said: She'll be here when Amelia Finishes.. Sentiment: POSITIVE. Respond appropriately: I'm sorry, but I'm not sure what you're trying to say."
Shatterbox,0:11,shaaaaak,NEGATIVE,0.9725415110588074,The user said: shaaaaak. Sentiment: NEGATIVE. Respond appropriately: shak. Sentiment : NEGative.
Artemis Stiles,0:11,[EMOJI: shark],NEGATIVE,0.9815446138381958,The user said: [EMOJI: shark]. Sentiment: NEGATIVE. Respond appropriately: shark
Gary Christian,0:11,‚Äãshaaaaaark,NEGATIVE,0.9832520484924316,The user said: ‚Äãshaaaaaark. Sentiment: NEGATIVE. Respond appropriately: NEGative.
Cvltvre,0:11,Fill the chum chalice,NEGATIVE,0.9983028173446655,The user said: Fill the chum chalice. Sentiment: NEGATIVE. Respond appropriately: NEGative.
metalmadness321,0:11,a,POSITIVE,0.9872909188270569,The user said: a. Sentiment: POSITIVE. Respond appropriately: POSITive.POSITive.POSITive.POSITive.POSITive.POSITive.POSITive.POSITive.POSITive.POSITive.POSITive.POSITive.POSITive.POSITive.POSITive.POSITive.POSITive.POSITive.POSITive.POSITive.POSITive.
dll:3,0:11,PogU it's happenng,POSITIVE,0.8788133859634399,The user said: PogU it's happenng. Sentiment: POSITIVE. Respond appropriately: I'm not sure what you're trying to say.
Yakura and the Blood Moon,0:11,So the eldritch has decided to watch Gawr's strem too?,POSITIVE,0.7085636258125305,The user said: So the eldritch has decided to watch Gawr's strem too?. Sentiment: POSITIVE. Respond appropriately: I'm not sure what you're trying to say.
Timowoof,0:11,„ÅÇ,POSITIVE,0.9739043116569519,The user said: „ÅÇ. Sentiment: POSITIVE. Respond appropriately: POSITIVE.
Ynscription,0:12,Anyone else listening to Gura's Ride on Time on repeat?,NEGATIVE,0.9985320568084717,The user said: Anyone else listening to Gura's Ride on Time on repeat?. Sentiment: NEGATIVE. Respond appropriately: I'm not.
OneKiss Channel,0:12,Aaaaaaa,NEGATIVE,0.8708747625350952,The user said: Aaaaaaa. Sentiment: NEGATIVE. Respond appropriately: NEGative.
Calabim,0:12,( a ) Multi-Stream Drifting Gang Rise Up ! ! !,POSITIVE,0.9936175346374512,The user said: ( a ) Multi-Stream Drifting Gang Rise Up!!!. Sentiment: POSITIVE. Respond appropriately: POSITIVE.
Ookina Chungus,0:12,‚Äã„ÅÇ,POSITIVE,0.9739043116569519,The user said: ‚Äã„ÅÇ. Sentiment: POSITIVE. Respond appropriately: POSITive.
sug,0:12,HII,POSITIVE,0.9777759909629822,The user said: HII. Sentiment: POSITIVE. Respond appropriately: POSITIVE.POSITIVE.POSITIVE.POSITIVE.POSITIVE.POSITIVE.POSITIVE.POSITIVE.POSITIVE.POSITIVE.POSITIVE.POSITIVE.POSITIVE.POSITIVE.POSITIVE.POSITIVE.POSITIVE.POSITIVE.POSITIVE.POSITIVE.POSITIVE
Zetera,0:12,a-team!,POSITIVE,0.9994738698005676,The user said: a-team!. Sentiment: POSITIVE. Respond appropriately: POSITive.POSITive.POSITive.POSITive.POSITive.POSITive.POSITive.POSITive.POSITive.POSITive.POSITive.POSITive.POSITive.POSITive.POSITive.POSITive.POSITive.POSITive.POSITive.POSITive.POSIT
B4gelll,0:12,Jaws theme plays,POSITIVE,0.9913774728775024,The user said: Jaws theme plays. Sentiment: POSITIVE. Respond appropriately: Jaws theme plays.Responsible : POSITive.Responsible : POSITive.Responsible : POSITive.Responsible : POSITive.Responsible : POSITive.Responsible : POSITive.Responsible : POSITive.Responsible : POSITive.Responsible : POSITive.Responsible :
Eunos Wafiqomar (13 Eunos XA),0:12,BLOOP,NEGATIVE,0.9992669224739075,The user said: BLOOP. Sentiment: NEGATIVE. Respond appropriately: BLOOP.
mohi„ÄêÂ∫ßÂì°„Äë„ÇÇ„Å≤,0:13,„Åä„ÅØ„Çà„ÅÜ„Åî„Åñ„ÅÑ„Åæ„Åô,NEGATIVE,0.9238770604133606,The user said: „Åä„ÅØ„Çà„ÅÜ„Åî„Åñ„ÅÑ„Åæ„Åô. Sentiment: NEGATIVE. Respond appropriately: NEGative.
Kuro Mori,0:13,LETS GOOOOOOOOOOOOO,NEGATIVE,0.9479597806930542,The user said: LETS GOOOOOOOOOOOOO. Sentiment: NEGATIVE. Respond appropriately: NEGative.
fffighter4,0:13,Shark Girl and Lava Boy,NEGATIVE,0.5376999378204346,The user said: Shark Girl and Lava Boy. Sentiment: NEGATIVE. Respond appropriately: I'm not sure what you're trying to say.
DR4G0N_CAK3,0:13,hi,POSITIVE,0.9983267188072205,The user said: hi. Sentiment: POSITIVE. Respond appropriately: POSITIVE.POSITIVE.POSITIVE.POSITIVE.POSITIVE.POSITIVE.POSITIVE.POSITIVE.POSITIVE.POSITIVE.POSITIVE.POSITIVE.POSITIVE.POSITIVE.POSITIVE.POSITIVE.POSITIVE.POSITIVE.POSITIVE.POSITIVE.POSITIVE.
anne ______,0:13,[EMOJI: trident_emblem] [EMOJI: shark][EMOJI: trident_emblem] bloop,NEGATIVE,0.999175488948822,The user said: [EMOJI: trident_emblem] [EMOJI: shark][EMOJI: trident_emblem] bloop. Sentiment: NEGATIVE. Respond appropriately: NEGative
Aeon,0:13,Spongebob: I'm chumming,NEGATIVE,0.9970297813415527,The user said: Spongebob: I'm chumming. Sentiment: NEGATIVE. Respond appropriately: I'm not.
goosewalk,0:13,A [EMOJI: shark],NEGATIVE,0.9945799112319946,The user said: A [EMOJI: shark]. Sentiment: NEGATIVE. Respond appropriately: NEGative
Conrad Philips,0:14,[EMOJI: shark],NEGATIVE,0.9815446138381958,The user said: [EMOJI: shark]. Sentiment: NEGATIVE. Respond appropriately: shark
Arthain,0:14,No sound,NEGATIVE,0.9997033476829529,The user said: No sound. Sentiment: NEGATIVE. Respond appropriately: No sound.
Rainbow Trout,0:14,Chumbuds rise!,POSITIVE,0.9991297125816345,The user said: Chumbuds rise!. Sentiment: POSITIVE. Respond appropriately: POSITive.POSITive.POSITive.POSITive.POSITive.POSITive.POSITive.POSITive.POSITive.POSITive.POSITive.POSITive.POSITive.POSITive.POSITive.POSITive.POSITive.POSITive.POSITive.POSITive.POS
Big Mac,0:14,OOOOOOOOOOO,POSITIVE,0.9492399096488953,The user said: OOOOOOOOOOO. Sentiment: POSITIVE. Respond appropriately: Ooooooooooooooooooooooooooooooo
Salmon,0:14,blood for the blood God,NEGATIVE,0.7155751585960388,The user said: blood for the blood God. Sentiment: NEGATIVE. Respond appropriately: blood for the blood God.
Retel,0:15,Bloop!,NEGATIVE,0.99698406457901,The user said: Bloop!. Sentiment: NEGATIVE. Respond appropriately: Bloopeworthy.
Angelo,0:15,SHARK POG,NEGATIVE,0.9853851199150085,The user said: SHARK POG. Sentiment: NEGATIVE. Respond appropriately: I'm not sure if you're trolling or not.
Randomguy,0:15,BLOOP!!!,NEGATIVE,0.9962955117225647,The user said: BLOOP!!!. Sentiment: NEGATIVE. Respond appropriately: BLOOP!
attractdistract,0:15,[EMOJI: shark][EMOJI: trident_emblem],NEGATIVE,0.9850307106971741,The user said: [EMOJI: shark][EMOJI: trident_emblem]. Sentiment: NEGATIVE. Respond appropriately: NEGative
meteoric,0:15,screensaver,POSITIVE,0.8883147239685059,The user said: screensaver. Sentiment: POSITIVE. Respond appropriately: POSITIVE.POSITIVE.POSITIVE.POSITIVE.POSITIVE.POSITIVE.POSITIVE.POSITIVE.POSITIVE.POSITIVE.POSITIVE.POSITIVE.POSITIVE.POSITIVE.POSITIVE.POSITIVE.POSITIVE.POSITIVE.POSITIVE.POSITIVE.POSITIVE
Taco Miester,0:16,shark,NEGATIVE,0.9206615686416626,The user said: shark. Sentiment: NEGATIVE. Respond appropriately: shark.Sentiment : NEGative.Response : shark.Sentiment : NEGative.Response : shark.Sentiment : NEGative.Response : shark.Sentiment : NEGative.Response : shark.Sentiment : NEGative.Response : shark.Sentiment : NEGative.Response : shark.Sentiment : NEGative.Response : shark.Sentiment : NEG
Purp115,0:16,screensaver,POSITIVE,0.8883147239685059,The user said: screensaver. Sentiment: POSITIVE. Respond appropriately: POSITIVE.POSITIVE.POSITIVE.POSITIVE.POSITIVE.POSITIVE.POSITIVE.POSITIVE.POSITIVE.POSITIVE.POSITIVE.POSITIVE.POSITIVE.POSITIVE.POSITIVE.POSITIVE.POSITIVE.POSITIVE.POSITIVE.POSITIVE.POSITIVE
Peppered Ribs (Peppered Ribs),0:16,LETSA GOOO!!!!,NEGATIVE,0.9985051155090332,The user said: LETSA GOOO!!!!. Sentiment: NEGATIVE. Respond appropriately: LETSA GOOOING.
Homebody,0:16,13 more minutes,POSITIVE,0.8963581323623657,The user said: 13 more minutes. Sentiment: POSITIVE. Respond appropriately: POSITIVE.POSITIVE.POSITIVE.POSITIVE.POSITIVE.POSITIVE.POSITIVE.POSITIVE.POSITIVE.POSITIVE.POSITIVE.POSITIVE.POSITIVE.POSITIVE.POSITIVE.POSITIVE.POSITIVE.POSITIVE.POSITIVE.POSITIVE.POSIT
Gian d'Arc,0:16,SHAAAAAAAAAAAAAAKU,NEGATIVE,0.9891429543495178,The user said: SHAAAAAAAAAAAAAAKU. Sentiment: NEGATIVE. Respond appropriately: NEGative : I'm not sure what you're trying to say.
Falconi,0:16,Shark,NEGATIVE,0.9206615686416626,The user said: Shark. Sentiment: NEGATIVE. Respond appropriately: Shark.Sentiment : NEGative.Response : NEGative.Response : NEGative.Response : NEGative.Response : NEGative.Response : NEGative.Response : NEGative.Response : NEGative.Response : NEGative.Response : NEGative.Response : NEGative.Response : NEGative.Response : NEGative.Response : N
Adam,0:16,BLOOPD,NEGATIVE,0.9991641044616699,The user said: BLOOPD. Sentiment: NEGATIVE. Respond appropriately: BLOOPD.
Shinzai,0:16,Bloop af,NEGATIVE,0.9988136291503906,The user said: Bloop af. Sentiment: NEGATIVE. Respond appropriately: Bloop.
Buki „Åï„Çì,0:16,Let's go !!!! a,POSITIVE,0.9989140033721924,The user said: Let's go!!!! a. Sentiment: POSITIVE. Respond appropriately: I'm not sure what you're trying to say.
Daniel Gilbert,0:17,SHARK TIME,NEGATIVE,0.8613729476928711,The user said: SHARK TIME. Sentiment: NEGATIVE. Respond appropriately: SHARK TIME.
nova,0:17,lets a,POSITIVE,0.9972755312919617,The user said: lets a. Sentiment: POSITIVE. Respond appropriately: POSITive.POSITive.POSITive.POSITive.POSITive.POSITive.POSITive.POSITive.POSITive.POSITive.POSITive.POSITive.POSITive.POSITive.POSITive.POSITive.POSITive.POSITive.POSITive.POSITive.POSITive
Kenny Leon,0:17,Bloop?,NEGATIVE,0.9993840456008911,The user said: Bloop?. Sentiment: NEGATIVE. Respond appropriately: Bloop.
arc cc,0:17,lmfaoooo,POSITIVE,0.5795457363128662,The user said: lmfaoooo. Sentiment: POSITIVE. Respond appropriately: POSITive.
Cashan,0:17,as always she is late since she is smol,NEGATIVE,0.9989377856254578,The user said: as always she is late since she is smol. Sentiment: NEGATIVE. Respond appropriately: I'm not sure if you're being sarcastic or not.
Josh So,0:17,MULTI-TRACK STREAMING!?,NEGATIVE,0.5249426960945129,The user said: MULTI-TRACK STREAMING!?. Sentiment: NEGATIVE. Respond appropriately: I'm not sure what you're trying to say.
Turtle God,0:17,does bloop ever hit a perfect corner,NEGATIVE,0.9627165794372559,The user said: does bloop ever hit a perfect corner. Sentiment: NEGATIVE. Respond appropriately: I'm not sure.
„Çä„Éº„ÅÆ„Çâ,0:17,kusa,POSITIVE,0.897678792476654,The user said: kusa. Sentiment: POSITIVE. Respond appropriately: POSITIVE.POSITIVE.POSITIVE.POSITIVE.POSITIVE.POSITIVE.POSITIVE.POSITIVE.POSITIVE.POSITIVE.POSITIVE.POSITIVE.POSITIVE.POSITIVE.POSITIVE.POSITIVE.POSITIVE.POSITIVE.POSITIVE.POSITIVE.POSITIVE
Kossori,0:17,shaaaaaa,NEGATIVE,0.9882258176803589,The user said: shaaaaaa. Sentiment: NEGATIVE. Respond appropriately: NEGative.
BAZARA86,0:17,A,POSITIVE,0.9872909188270569,The user said: A. Sentiment: POSITIVE. Respond appropriately: POSITive.POSITive.POSITive.POSITive.POSITive.POSITive.POSITive.POSITive.POSITive.POSITive.POSITive.POSITive.POSITive.POSITive.POSITive.POSITive.POSITive.POSITive.POSITive.POSITive.POSITive.
haru,0:17,SAME A,NEGATIVE,0.974199652671814,The user said: SAME A. Sentiment: NEGATIVE. Respond appropriately: SAME A. Sentiment : NEGative.
Sprouter,0:17,bloop,NEGATIVE,0.9992669224739075,The user said: bloop. Sentiment: NEGATIVE. Respond appropriately: bloop. Sentiment : NEGative.
DarkSpine47,0:17,Amelia has to win this round guys,POSITIVE,0.9954758286476135,The user said: Amelia has to win this round guys. Sentiment: POSITIVE. Respond appropriately: Amelia is a POS.
Ryan Collins,0:17,BOUNCY BOI,POSITIVE,0.9992426633834839,The user said: BOUNCY BOI. Sentiment: POSITIVE. Respond appropriately: BOUNCY BOI.
Hapax,0:18,Shark!,POSITIVE,0.9273761510848999,The user said: Shark!. Sentiment: POSITIVE. Respond appropriately: POSITive : POSITive : POSITive : POSITive : POSITive : POSITive : POSITive : POSITive : POSITive : POSITive : POSITive : POSITive : POSITive : POSITive : POSITive : POSITive : POSITive : POSITive : POSITive : POSITive : POSITive :
grohlski,0:18,BLOOOOP!!,POSITIVE,0.7755217552185059,The user said: BLOOOOP!!. Sentiment: POSITIVE. Respond appropriately: BLOOOOP!
Hehe241,0:18,it's starting,POSITIVE,0.9996843338012695,The user said: it's starting. Sentiment: POSITIVE. Respond appropriately: POSITive.POSITive.POSITive.POSITive.POSITive.POSITive.POSITive.POSITive.POSITive.POSITive.POSITive.POSITive.POSITive.POSITive.POSITive.POSITive.POSITive.POSITive.POSITive.POSITive.POSIT
ZachBraver,0:18,BLOOP,NEGATIVE,0.9992669224739075,The user said: BLOOP. Sentiment: NEGATIVE. Respond appropriately: BLOOP.
apologies for my swag,0:18,bloop,NEGATIVE,0.9992669224739075,The user said: bloop. Sentiment: NEGATIVE. Respond appropriately: bloop. Sentiment : NEGative.
„Ç®„Ç§„ÉÇ,0:18,ÂæÖÊ©ü,NEGATIVE,0.7850583791732788,The user said: ÂæÖÊ©ü. Sentiment: NEGATIVE. Respond appropriately: NEGative.
rustblade7,0:18,Bloop!,NEGATIVE,0.99698406457901,The user said: Bloop!. Sentiment: NEGATIVE. Respond appropriately: Bloopeworthy.
Hidra,0:18,[EMOJI: shark] A [EMOJI: shark] [EMOJI: shark] A [EMOJI: shark],NEGATIVE,0.9945788383483887,The user said: [EMOJI: shark] A [EMOJI: shark] [EMOJI: shark] A [EMOJI: shark]. Sentiment: NEGATIVE. Respond appropriately: NEGative
SaphLily,0:18,dvd logo but it's a shark in a bubble,NEGATIVE,0.9905235171318054,The user said: dvd logo but it's a shark in a bubble. Sentiment: NEGATIVE. Respond appropriately: I'm not sure what you're trying to say.
J Singson,0:19,our tiny shark is gonna be late again ahahahaha,NEGATIVE,0.9809005856513977,The user said: our tiny shark is gonna be late again ahahahaha. Sentiment: NEGATIVE. Respond appropriately: I'm not sure if you're serious or not.
Hyperdominic,0:19,[EMOJI: shark][EMOJI: shark],NEGATIVE,0.9906507730484009,The user said: [EMOJI: shark][EMOJI: shark]. Sentiment: NEGATIVE. Respond appropriately: NEGative
PNG,0:19,SHAAAAAAAAAARRK,NEGATIVE,0.9871550798416138,The user said: SHAAAAAAAAAARRK. Sentiment: NEGATIVE. Respond appropriately: NEGative : I'm not sure what you're trying to say.
SeasickSaviorüí≠üé®,0:20,sharktime,NEGATIVE,0.8734577894210815,The user said: sharktime. Sentiment: NEGATIVE. Respond appropriately: sharktime.Sentiment : NEGative.Response : sharktime.Sentiment : NEGative.Response : sharktime.Response : sharktime.Response : sharktime.Response : sharktime.Response : sharktime.Response : sharktime.Response : sharktime.Response : sharktime.Response : sharktime.Response : sharktime.Response : sharktime.Response : sharktime.Response
Poison Error,0:20,Yes,POSITIVE,0.9997805953025818,The user said: Yes. Sentiment: POSITIVE. Respond appropriately: POSITive.POSITive.POSITive.POSITive.POSITive.POSITive.POSITive.POSITive.POSITive.POSITive.POSITive.POSITive.POSITive.POSITive.POSITive.POSITive.POSITive.POSITive.POSITive.POSITive.POSITive.
Leo Kicklighter,0:20,BABY SHARK DODODODOD,NEGATIVE,0.9958206415176392,The user said: BABY SHARK DODODODOD. Sentiment: NEGATIVE. Respond appropriately: BABY SHARKODODODOD.
Vini („É¥„Ç£„Éã),0:20,A [EMOJI: trident_emblem],NEGATIVE,0.9938621520996094,The user said: A [EMOJI: trident_emblem]. Sentiment: NEGATIVE. Respond appropriately: NEGative : NEGative
G_Boy,0:20,LETS GOOOO,NEGATIVE,0.9936826229095459,The user said: LETS GOOOO. Sentiment: NEGATIVE. Respond appropriately: NEGative.
Kisu-Shot,0:20,Bloop,NEGATIVE,0.9992669224739075,The user said: Bloop. Sentiment: NEGATIVE. Respond appropriately: Bloop. Sentiment : NEGative.
PlatinumHopeüíé,0:21,BLOOP,NEGATIVE,0.9992669224739075,The user said: BLOOP. Sentiment: NEGATIVE. Respond appropriately: BLOOP.
ZycheCiorre,0:21,good evening,POSITIVE,0.9998613595962524,The user said: good evening. Sentiment: POSITIVE. Respond appropriately: POSITIVE.POSITIVE.POSITIVE.POSITIVE.POSITIVE.POSITIVE.POSITIVE.POSITIVE.POSITIVE.POSITIVE.POSITIVE.POSITIVE.POSITIVE.POSITIVE.POSITIVE.POSITIVE.POSITIVE.POSITIVE.POSITIVE.POSITIVE.POSITIVE
Robotic9000,0:21,two streams at once... what have i become,POSITIVE,0.9868865609169006,The user said: two streams at once... what have i become. Sentiment: POSITIVE. Respond appropriately: POSITIVE.Respectfully : POSITIVE.Respectfully : POSITIVE.Respectfully : POSITIVE.Respectfully : POSITIVE.Respectfully : POSITIVE.Respectfully : POSITIVE.Respectfully : POSITIVE.Respectfully : POSITIVE.Respectfully : POSITIVE.
aisu,0:21,"got work, going to watch this instead.",NEGATIVE,0.9297311305999756,"The user said: got work, going to watch this instead.. Sentiment: NEGATIVE. Respond appropriately: I'm not sure if you're being serious or not."
Jerrell,0:21,Hey everyone!,POSITIVE,0.9995781779289246,The user said: Hey everyone!. Sentiment: POSITIVE. Respond appropriately: I'm not sure what you're trying to say.
Cyan,0:21,Here we go gamers!,POSITIVE,0.9905425906181335,The user said: Here we go gamers!. Sentiment: POSITIVE. Respond appropriately: I'm not sure what you're trying to say.
Rushia Boing Boing,0:21,SHAAAAAK,NEGATIVE,0.9725415110588074,The user said: SHAAAAAK. Sentiment: NEGATIVE. Respond appropriately: I'm not sure what you're trying to say.
Chilly Lagarto,0:21,[EMOJI: shark][EMOJI: trident_emblem]What's up ChumBuds? [EMOJI: trident_emblem][EMOJI: shark],NEGATIVE,0.998305082321167,The user said: [EMOJI: shark][EMOJI: trident_emblem]What's up ChumBuds? [EMOJI: trident_emblem][EMOJI: shark]. Sentiment: NEGATIVE. Respond appropriately:D
MunicipalSka,0:21,"Just got back home from work, am ready for shaaaak.",NEGATIVE,0.9620062708854675,"The user said: Just got back home from work, am ready for shaaaak.. Sentiment: NEGATIVE. Respond appropriately: I'm ready for shak."
Foolish Watermelon,0:22,SHAAAA,NEGATIVE,0.9884146451950073,The user said: SHAAAA. Sentiment: NEGATIVE. Respond appropriately: NEGative : I'm not sure what you're trying to say.
Gunn,0:22,is this a DVD screensaver?,NEGATIVE,0.9980314373970032,The user said: is this a DVD screensaver?. Sentiment: NEGATIVE. Respond appropriately: I'm not sure what you're trying to say.
J Slugg,0:22,whats up chumbuds,NEGATIVE,0.9601660966873169,The user said: whats up chumbuds. Sentiment: NEGATIVE. Respond appropriately: NEGative.
Bruce Bolyard,0:22,BLOOP,NEGATIVE,0.9992669224739075,The user said: BLOOP. Sentiment: NEGATIVE. Respond appropriately: BLOOP.
Mimi Sansan,0:22,Yes,POSITIVE,0.9997805953025818,The user said: Yes. Sentiment: POSITIVE. Respond appropriately: POSITive.POSITive.POSITive.POSITive.POSITive.POSITive.POSITive.POSITive.POSITive.POSITive.POSITive.POSITive.POSITive.POSITive.POSITive.POSITive.POSITive.POSITive.POSITive.POSITive.POSITive.
Santalilcamper,0:22,Is it gonna hit the corner?,NEGATIVE,0.9923669695854187,The user said: Is it gonna hit the corner?. Sentiment: NEGATIVE. Respond appropriately: I'm not sure.
Paps,0:22,BOUNCY BLOOP,POSITIVE,0.5203348994255066,The user said: BOUNCY BLOOP. Sentiment: POSITIVE. Respond appropriately: BOOO.
Lagoa do pato,0:23,bloop,NEGATIVE,0.9992669224739075,The user said: bloop. Sentiment: NEGATIVE. Respond appropriately: bloop. Sentiment : NEGative.
That Grizzly,0:23,lol,NEGATIVE,0.9438177943229675,The user said: lol. Sentiment: NEGATIVE. Respond appropriately: NEGative.
D3bugged,0:23,please dont eat me!!,NEGATIVE,0.9735720157623291,The user said: please dont eat me!!. Sentiment: NEGATIVE. Respond appropriately: I'm not going to eat you.
Zhypher Ormata,0:23,ChumBuds,NEGATIVE,0.9859494566917419,The user said: ChumBuds. Sentiment: NEGATIVE. Respond appropriately: NEGative.
Christian Moore,0:23,Ride on time,POSITIVE,0.9993557333946228,The user said: Ride on time. Sentiment: POSITIVE. Respond appropriately: POSITive.POSITive.POSITive.POSITive.POSITive.POSITive.POSITive.POSITive.POSITive.POSITive.POSITive.POSITive.POSITive.POSITive.POSITive.POSITive.POSITive.POSITive.POSITive.POSITive.POSIT
Ale Hyn,0:23,dvd shark,NEGATIVE,0.9501755833625793,The user said: dvd shark. Sentiment: NEGATIVE. Respond appropriately: I'm not sure what you're trying to say.
BlackHamster,0:23,late .....,NEGATIVE,0.9996052384376526,The user said: late...... Sentiment: NEGATIVE. Respond appropriately: NEGative.
Fenger,0:23,Sharrrk,NEGATIVE,0.9854447245597839,The user said: Sharrrk. Sentiment: NEGATIVE. Respond appropriately: NEGative.
kimpalo,0:24,gawrwaiting,NEGATIVE,0.9811184406280518,The user said: gawrwaiting. Sentiment: NEGATIVE. Respond appropriately: I'm not sure what you're trying to say.
BRW,0:24,Bloop!,NEGATIVE,0.99698406457901,The user said: Bloop!. Sentiment: NEGATIVE. Respond appropriately: Bloopeworthy.
highskies,0:24,SHARKK I'm on Ame-chan's stream also,NEGATIVE,0.8781729936599731,The user said: SHARKK I'm on Ame-chan's stream also. Sentiment: NEGATIVE. Respond appropriately:D
Wholesome,0:24,Let‚Äôs GOOOO,NEGATIVE,0.9934787750244141,The user said: Let‚Äôs GOOOO. Sentiment: NEGATIVE. Respond appropriately: I'm not sure what you're trying to say.
Thatdude,0:24,it's time,POSITIVE,0.9941546320915222,The user said: it's time. Sentiment: POSITIVE. Respond appropriately: POSITive.POSITive.POSITive.POSITive.POSITive.POSITive.POSITive.POSITive.POSITive.POSITive.POSITive.POSITive.POSITive.POSITive.POSITive.POSITive.POSITive.POSITive.POSITive.POSITive.POSIT
Tsuru51,0:24,Feeding time!,POSITIVE,0.9523482322692871,The user said: Feeding time!. Sentiment: POSITIVE. Respond appropriately: POSITive.Feeding time!
Pokejon2000,0:24,prepare for the... a,POSITIVE,0.9967353940010071,The user said: prepare for the... a. Sentiment: POSITIVE. Respond appropriately: POSITive.POSITive.POSITive.POSITive.POSITive.POSITive.POSITive.POSITive.POSITive.POSITive.POSITive.POSITive.POSITive.POSITive.POSITive.POSITive.POSITive.POSITive.POSITive.POSITive.
Rain Missakara,0:25,a!!!,POSITIVE,0.9993240833282471,The user said: a!!!. Sentiment: POSITIVE. Respond appropriately: POSITIVE.
Yuri,0:25,oh nice,POSITIVE,0.9998317956924438,The user said: oh nice. Sentiment: POSITIVE. Respond appropriately: POSITIVE.POSITIVE.POSITIVE.POSITIVE.POSITIVE.POSITIVE.POSITIVE.POSITIVE.POSITIVE.POSITIVE.POSITIVE.POSITIVE.POSITIVE.POSITIVE.POSITIVE.POSITIVE.POSITIVE.POSITIVE.POSITIVE.POSITIVE.POSITIVE
„Å®„ÇÇ„ÇÜ„Åç,0:25,a,POSITIVE,0.9872909188270569,The user said: a. Sentiment: POSITIVE. Respond appropriately: POSITive.POSITive.POSITive.POSITive.POSITive.POSITive.POSITive.POSITive.POSITive.POSITive.POSITive.POSITive.POSITive.POSITive.POSITive.POSITive.POSITive.POSITive.POSITive.POSITive.POSITive.
McMenno,0:25,shaaaark,NEGATIVE,0.9477534294128418,The user said: shaaaark. Sentiment: NEGATIVE. Respond appropriately: NEGative.
MadeBySalad,0:25,[EMOJI: shark]a![EMOJI: shark],NEGATIVE,0.9839215278625488,The user said: [EMOJI: shark]a![EMOJI: shark]. Sentiment: NEGATIVE. Respond appropriately: NEGative
HyperFox,0:25,shaaaaaaaaaaaakkkk,NEGATIVE,0.9922424554824829,The user said: shaaaaaaaaaaaakkkk. Sentiment: NEGATIVE. Respond appropriately: shakk.
dragonmanj,0:25,Shaaaaaaaaaaaaaak,NEGATIVE,0.9936611652374268,The user said: Shaaaaaaaaaaaaaak. Sentiment: NEGATIVE. Respond appropriately: NEGative.
Keeenny,0:25,Shaaaaark,NEGATIVE,0.8460568785667419,The user said: Shaaaaark. Sentiment: NEGATIVE. Respond appropriately: NEGative : I'm not sure what you're trying to say.
JexusBanjo,0:25,IS IT GONNA HIT THE CORNER?,NEGATIVE,0.9923669695854187,The user said: IS IT GONNA HIT THE CORNER?. Sentiment: NEGATIVE. Respond appropriately: YES!
Benjamin Eng,0:25,"lol shes on time this time, naisu",POSITIVE,0.9847846031188965,"The user said: lol shes on time this time, naisu. Sentiment: POSITIVE. Respond appropriately: lol"
CrunchyBot,0:25,Corner,POSITIVE,0.9242367148399353,The user said: Corner. Sentiment: POSITIVE. Respond appropriately: POSITive.POSITive.POSITive.POSITive.POSITive.POSITive.POSITive.POSITive.POSITive.POSITive.POSITive.POSITive.POSITive.POSITive.POSITive.POSITive.POSITive.POSITive.POSITive.POSITive.POSITive.
Megaboom 123456,0:25,A Shaaaaaark,NEGATIVE,0.9864165782928467,The user said: A Shaaaaaark. Sentiment: NEGATIVE. Respond appropriately: A Shaaaaaark.
VoidRaven,0:25,RELEASE THE SHARK!!! [EMOJI: shark],NEGATIVE,0.9808629751205444,The user said: RELEASE THE SHARK!!! [EMOJI: shark]. Sentiment: NEGATIVE. Respond appropriately: shark
Loaf O'bread,0:25,YO DVD BLOOP?,NEGATIVE,0.9989823698997498,The user said: YO DVD BLOOP?. Sentiment: NEGATIVE. Respond appropriately: YO DVD BLOOP?.
Broiled Beef,0:26,shark time!,POSITIVE,0.9701521992683411,The user said: shark time!. Sentiment: POSITIVE. Respond appropriately: POSITIVE.POSITIVE.POSITIVE.POSITIVE.POSITIVE.POSITIVE.POSITIVE.POSITIVE.POSITIVE.POSITIVE.POSITIVE.POSITIVE.POSITIVE.POSITIVE.POSITIVE.POSITIVE.POSITIVE.POSITIVE.POSITIVE.POSITIVE.POSITIVE
Mef M,0:26,lets goooooo,NEGATIVE,0.98051917552948,The user said: lets goooooo. Sentiment: NEGATIVE. Respond appropriately: NEGative.
argnator,0:26,CHUMBUDDIES UNIFY,NEGATIVE,0.9856248497962952,The user said: CHUMBUDDIES UNIFY. Sentiment: NEGATIVE. Respond appropriately: NEGative.
Kael,0:26,[EMOJI: trident_emblem],NEGATIVE,0.9779953956604004,The user said: [EMOJI: trident_emblem]. Sentiment: NEGATIVE. Respond appropriately: NEGative : NEGative
Treviath,0:26,boing,NEGATIVE,0.619523286819458,The user said: boing. Sentiment: NEGATIVE. Respond appropriately: boing.boing.boing.boing.boing.boing.boing.boing.boing.boing.boing.boing.boing.boing.boing.boing.boing.boing.boing.boing.boing.boing.boing.boing.boing.boing.boing.boing
SilverSA,0:26,shaaaak!,NEGATIVE,0.9803900122642517,The user said: shaaaak!. Sentiment: NEGATIVE. Respond appropriately: NEGative.
To Shi,0:26,its startingggg Shaaaaak,NEGATIVE,0.9919002056121826,The user said: its startingggg Shaaaaak. Sentiment: NEGATIVE. Respond appropriately: I'm not sure what you're trying to say.
thelooker,0:26,bloop lol,NEGATIVE,0.9991518259048462,The user said: bloop lol. Sentiment: NEGATIVE. Respond appropriately: I'm not sure what you're trying to say.
Bomb21*,0:26,Lets goooooooooo,NEGATIVE,0.9606210589408875,The user said: Lets goooooooooo. Sentiment: NEGATIVE. Respond appropriately: NEGative.
kikoano,0:26,lets get more views!!!,POSITIVE,0.996397078037262,The user said: lets get more views!!!. Sentiment: POSITIVE. Respond appropriately: POSITive.
Mitchel Valentino,0:27,a,POSITIVE,0.9872909188270569,The user said: a. Sentiment: POSITIVE. Respond appropriately: POSITive.POSITive.POSITive.POSITive.POSITive.POSITive.POSITive.POSITive.POSITive.POSITive.POSITive.POSITive.POSITive.POSITive.POSITive.POSITive.POSITive.POSITive.POSITive.POSITive.POSITive.
CronaFromTheChi,0:27,ShArk!,POSITIVE,0.9273761510848999,The user said: ShArk!. Sentiment: POSITIVE. Respond appropriately: POSITIVE.
Eposia VT,0:27,pog,NEGATIVE,0.9955266118049622,The user said: pog. Sentiment: NEGATIVE. Respond appropriately: NEGative.
Michiro üåÉ,0:27,Yayyy,NEGATIVE,0.5037766695022583,The user said: Yayyy. Sentiment: NEGATIVE. Respond appropriately: Yayyy.
kadu,0:27,a,POSITIVE,0.9872909188270569,The user said: a. Sentiment: POSITIVE. Respond appropriately: POSITive.POSITive.POSITive.POSITive.POSITive.POSITive.POSITive.POSITive.POSITive.POSITive.POSITive.POSITive.POSITive.POSITive.POSITive.POSITive.POSITive.POSITive.POSITive.POSITive.POSITive.
TwistedMemory,0:27,Bloop,NEGATIVE,0.9992669224739075,The user said: Bloop. Sentiment: NEGATIVE. Respond appropriately: Bloop. Sentiment : NEGative.
DimitrixHana,0:28,Bloop bounces around,POSITIVE,0.9143610596656799,The user said: Bloop bounces around. Sentiment: POSITIVE. Respond appropriately: POSITive.
Unu,0:28,chumbuds rise up,POSITIVE,0.9980984330177307,The user said: chumbuds rise up. Sentiment: POSITIVE. Respond appropriately: POSITive.
